{
  "n_clips_requested": 10,
  "n_clips_completed": 10,
  "accuracy": 0.8,
  "mean_exit_frame": 5.2,
  "mean_obs_ratio": 0.775,
  "mean_cycles_per_clip": 140207748.4,
  "mean_ms_per_clip": 876.2984275000001,
  "exit_hist": [
    0,
    0,
    0,
    0,
    0,
    9,
    0,
    1
  ],
  "wall_seconds": 32.31299999999828,
  "sysclk_hz": 160000000,
  "min_exit_frame": 5,
  "threshold": 0.85,
  "out_scale": 0.187850028,
  "out_zp": 66,
  "per_class": {
    "20": {
      "correct": 1,
      "total": 1
    },
    "10": {
      "correct": 1,
      "total": 1
    },
    "0": {
      "correct": 2,
      "total": 2
    },
    "21": {
      "correct": 1,
      "total": 1
    },
    "13": {
      "correct": 1,
      "total": 1
    },
    "7": {
      "correct": 1,
      "total": 1
    },
    "16": {
      "correct": 0,
      "total": 1
    },
    "1": {
      "correct": 0,
      "total": 1
    },
    "11": {
      "correct": 1,
      "total": 1
    }
  },
  "records": [
    {
      "idx": 0,
      "vid": 9223,
      "label": 20,
      "pred": 20,
      "ok": true,
      "exit_frame": 5,
      "cum_cycles": 135685051,
      "per_frame_cycles": [
        22614239,
        22614018,
        22614155,
        22614234,
        22614230,
        22614175
      ],
      "per_frame_pmax": [
        0.9991666078567505,
        0.9809580445289612,
        0.03703703731298447,
        0.9999605417251587,
        1.0,
        1.0
      ],
      "per_frame_argmax": [
        20,
        20,
        0,
        20,
        20,
        20
      ]
    },
    {
      "idx": 1,
      "vid": 107090,
      "label": 10,
      "pred": 10,
      "ok": true,
      "exit_frame": 5,
      "cum_cycles": 135684834,
      "per_frame_cycles": [
        22614196,
        22614178,
        22614102,
        22614051,
        22614071,
        22614236
      ],
      "per_frame_pmax": [
        0.9983131885528564,
        0.3808613121509552,
        0.03703703731298447,
        0.5898445248603821,
        0.4082350432872772,
        0.9999158382415771
      ],
      "per_frame_argmax": [
        24,
        8,
        0,
        10,
        5,
        10
      ]
    },
    {
      "idx": 2,
      "vid": 42920,
      "label": 0,
      "pred": 0,
      "ok": true,
      "exit_frame": 5,
      "cum_cycles": 135685051,
      "per_frame_cycles": [
        22614180,
        22614153,
        22614212,
        22614171,
        22614210,
        22614125
      ],
      "per_frame_pmax": [
        0.44673559069633484,
        0.9190257787704468,
        0.8809758424758911,
        0.7635926604270935,
        0.47047796845436096,
        0.9978813529014587
      ],
      "per_frame_argmax": [
        26,
        26,
        10,
        0,
        5,
        0
      ]
    },
    {
      "idx": 3,
      "vid": 106485,
      "label": 21,
      "pred": 21,
      "ok": true,
      "exit_frame": 5,
      "cum_cycles": 135684958,
      "per_frame_cycles": [
        22614199,
        22614012,
        22614183,
        22614134,
        22614203,
        22614227
      ],
      "per_frame_pmax": [
        0.7817040681838989,
        0.9072174429893494,
        0.48384425044059753,
        0.9999996423721313,
        1.0,
        1.0
      ],
      "per_frame_argmax": [
        2,
        26,
        10,
        21,
        21,
        21
      ]
    },
    {
      "idx": 4,
      "vid": 142201,
      "label": 13,
      "pred": 13,
      "ok": true,
      "exit_frame": 5,
      "cum_cycles": 135685109,
      "per_frame_cycles": [
        22614214,
        22614075,
        22614251,
        22614115,
        22614230,
        22614224
      ],
      "per_frame_pmax": [
        0.9965866804122925,
        0.376096248626709,
        0.9999866485595703,
        0.4409349858760834,
        0.3562033176422119,
        0.8674160242080688
      ],
      "per_frame_argmax": [
        26,
        16,
        10,
        24,
        26,
        13
      ]
    },
    {
      "idx": 5,
      "vid": 12912,
      "label": 7,
      "pred": 7,
      "ok": true,
      "exit_frame": 5,
      "cum_cycles": 135684907,
      "per_frame_cycles": [
        22614153,
        22614194,
        22614257,
        22614072,
        22614152,
        22614079
      ],
      "per_frame_pmax": [
        0.7713152766227722,
        0.46819114685058594,
        0.20107412338256836,
        0.5406604409217834,
        0.7210023999214172,
        0.9967954754829407
      ],
      "per_frame_argmax": [
        20,
        8,
        10,
        0,
        0,
        7
      ]
    },
    {
      "idx": 6,
      "vid": 35341,
      "label": 16,
      "pred": 24,
      "ok": false,
      "exit_frame": 5,
      "cum_cycles": 135685136,
      "per_frame_cycles": [
        22614177,
        22614169,
        22614196,
        22614189,
        22614192,
        22614213
      ],
      "per_frame_pmax": [
        0.5467106699943542,
        0.6821304559707642,
        0.9485571384429932,
        0.6750322580337524,
        0.8486006855964661,
        0.999997615814209
      ],
      "per_frame_argmax": [
        9,
        26,
        11,
        26,
        26,
        24
      ]
    },
    {
      "idx": 7,
      "vid": 94928,
      "label": 1,
      "pred": 26,
      "ok": false,
      "exit_frame": 7,
      "cum_cycles": 180912965,
      "per_frame_cycles": [
        22614050,
        22614141,
        22614007,
        22614169,
        22614042,
        22614239,
        22614140,
        22614177
      ],
      "per_frame_pmax": [
        0.3870666027069092,
        0.4935857951641083,
        0.9919935464859009,
        0.5097020864486694,
        0.3152587413787842,
        0.5522523522377014,
        0.7512240409851074,
        0.7171382308006287
      ],
      "per_frame_argmax": [
        24,
        16,
        10,
        4,
        17,
        20,
        7,
        26
      ]
    },
    {
      "idx": 8,
      "vid": 117498,
      "label": 0,
      "pred": 0,
      "ok": true,
      "exit_frame": 5,
      "cum_cycles": 135684759,
      "per_frame_cycles": [
        22614136,
        22613982,
        22614218,
        22614136,
        22614165,
        22614122
      ],
      "per_frame_pmax": [
        0.6335683465003967,
        0.39056938886642456,
        0.03703703731298447,
        0.5100988745689392,
        0.9828135967254639,
        0.995639443397522
      ],
      "per_frame_argmax": [
        9,
        11,
        0,
        0,
        17,
        0
      ]
    },
    {
      "idx": 9,
      "vid": 33245,
      "label": 11,
      "pred": 11,
      "ok": true,
      "exit_frame": 5,
      "cum_cycles": 135684714,
      "per_frame_cycles": [
        22613993,
        22614194,
        22614170,
        22614105,
        22614173,
        22614079
      ],
      "per_frame_pmax": [
        0.9415428042411804,
        0.34533584117889404,
        0.1253024786710739,
        0.9966444969177246,
        0.8334059715270996,
        0.9999691247940063
      ],
      "per_frame_argmax": [
        24,
        2,
        10,
        11,
        5,
        11
      ]
    }
  ]
}